"location","iso_code","vaccine_manufacturer_list","last_observation_date","source_name","source_website","vaccine_manufacturer"
"Afghanistan","AFG","Oxford/AstraZeneca","2021-04-22","Government of Afghanistan","https://reliefweb.int/report/afghanistan/afghanistan-strategic-situation-report-covid-19-no-95-22-april-2021","Oxford/AstraZeneca"
"Albania","ALB","Oxford/AstraZeneca, Pfizer/BioNTech, Sinovac, Sputnik V","2021-05-05","Ministry of Health","https://twitter.com/gmanastirliu/status/1389996840725225472","Oxford/AstraZeneca"
"Albania","ALB","Oxford/AstraZeneca, Pfizer/BioNTech, Sinovac, Sputnik V","2021-05-05","Ministry of Health","https://twitter.com/gmanastirliu/status/1389996840725225472","Pfizer/BioNTech"
"Albania","ALB","Oxford/AstraZeneca, Pfizer/BioNTech, Sinovac, Sputnik V","2021-05-05","Ministry of Health","https://twitter.com/gmanastirliu/status/1389996840725225472","Sinovac"
"Albania","ALB","Oxford/AstraZeneca, Pfizer/BioNTech, Sinovac, Sputnik V","2021-05-05","Ministry of Health","https://twitter.com/gmanastirliu/status/1389996840725225472","Sputnik V"
"Algeria","DZA","Sputnik V","2021-02-19","Ministry of Health","https://www.echoroukonline.com/%d9%84%d9%82%d8%a7%d8%ad-%d9%83%d9%88%d8%b1%d9%88%d9%86%d8%a7-%d8%b9%d8%b6%d9%88-%d8%a8%d8%a7%d9%84%d9%84%d8%ac%d9%86%d8%a9-%d8%a7%d9%84%d8%b9%d9%84%d9%85%d9%8a%d8%a9-%d9%8a%d9%83%d8%b4%d9%81-%d8%b9/","Sputnik V"
"Andorra","AND","Oxford/AstraZeneca, Pfizer/BioNTech","2021-05-03","Government of Andorra","https://www.govern.ad/covid19_newsletter/","Oxford/AstraZeneca"
"Andorra","AND","Oxford/AstraZeneca, Pfizer/BioNTech","2021-05-03","Government of Andorra","https://www.govern.ad/covid19_newsletter/","Pfizer/BioNTech"
"Angola","AGO","Oxford/AstraZeneca","2021-04-23","Ministry of Health","https://www.angop.ao/en/noticias/saude/covid-19-angola-com-456.349-cidadaos-vacinados/","Oxford/AstraZeneca"
"Anguilla","AIA","Oxford/AstraZeneca","2021-04-22","Ministry of Health","https://www.travelpulse.com/news/impacting-travel/new-covid-19-case-prompts-14-day-anguilla-closure.html","Oxford/AstraZeneca"
"Antigua and Barbuda","ATG","Oxford/AstraZeneca","2021-04-22","Ministry of Health","https://www.facebook.com/investingforwellness/photos/a.259371477836167/1151870888586217/","Oxford/AstraZeneca"
"Argentina","ARG","Oxford/AstraZeneca, Sinopharm/Beijing, Sputnik V","2021-05-05","Ministry of Health","http://datos.salud.gob.ar/dataset/vacunas-contra-covid-19-dosis-aplicadas-en-la-republica-argentina","Oxford/AstraZeneca"
"Argentina","ARG","Oxford/AstraZeneca, Sinopharm/Beijing, Sputnik V","2021-05-05","Ministry of Health","http://datos.salud.gob.ar/dataset/vacunas-contra-covid-19-dosis-aplicadas-en-la-republica-argentina","Sinopharm/Beijing"
"Argentina","ARG","Oxford/AstraZeneca, Sinopharm/Beijing, Sputnik V","2021-05-05","Ministry of Health","http://datos.salud.gob.ar/dataset/vacunas-contra-covid-19-dosis-aplicadas-en-la-republica-argentina","Sputnik V"
"Armenia","ARM","Sputnik V","2021-03-31","Ministry of Health","https://rus.azatutyun.am/a/31180204.html","Sputnik V"
"Aruba","ABW","Pfizer/BioNTech","2021-05-05","Government of Aruba","https://www.government.aw","Pfizer/BioNTech"
"Australia","AUS","Oxford/AstraZeneca, Pfizer/BioNTech","2021-05-05","Government of Australia via covidlive.com.au","https://covidlive.com.au/vaccinations","Oxford/AstraZeneca"
"Australia","AUS","Oxford/AstraZeneca, Pfizer/BioNTech","2021-05-05","Government of Australia via covidlive.com.au","https://covidlive.com.au/vaccinations","Pfizer/BioNTech"
"Austria","AUT","Johnson&Johnson, Moderna, Oxford/AstraZeneca, Pfizer/BioNTech","2021-05-05","Ministry of Health","https://info.gesundheitsministerium.gv.at/opendata/","Johnson&Johnson"
"Austria","AUT","Johnson&Johnson, Moderna, Oxford/AstraZeneca, Pfizer/BioNTech","2021-05-05","Ministry of Health","https://info.gesundheitsministerium.gv.at/opendata/","Moderna"
"Austria","AUT","Johnson&Johnson, Moderna, Oxford/AstraZeneca, Pfizer/BioNTech","2021-05-05","Ministry of Health","https://info.gesundheitsministerium.gv.at/opendata/","Oxford/AstraZeneca"
"Austria","AUT","Johnson&Johnson, Moderna, Oxford/AstraZeneca, Pfizer/BioNTech","2021-05-05","Ministry of Health","https://info.gesundheitsministerium.gv.at/opendata/","Pfizer/BioNTech"
"Azerbaijan","AZE","Oxford/AstraZeneca, Sinovac","2021-05-05","Government of Azerbaijan","https://koronavirusinfo.az","Oxford/AstraZeneca"
"Azerbaijan","AZE","Oxford/AstraZeneca, Sinovac","2021-05-05","Government of Azerbaijan","https://koronavirusinfo.az","Sinovac"
"Bahamas","BHS","Oxford/AstraZeneca","2021-04-27","Government of the Bahamas","https://opm.gov.bs/covid-19-vaccinations-now-open-to-18-and-older/","Oxford/AstraZeneca"
"Bahrain","BHR","Oxford/AstraZeneca, Pfizer/BioNTech, Sinopharm/Beijing, Sputnik V","2021-05-05","Ministry of Health","https://healthalert.gov.bh/en/","Oxford/AstraZeneca"
"Bahrain","BHR","Oxford/AstraZeneca, Pfizer/BioNTech, Sinopharm/Beijing, Sputnik V","2021-05-05","Ministry of Health","https://healthalert.gov.bh/en/","Pfizer/BioNTech"
"Bahrain","BHR","Oxford/AstraZeneca, Pfizer/BioNTech, Sinopharm/Beijing, Sputnik V","2021-05-05","Ministry of Health","https://healthalert.gov.bh/en/","Sinopharm/Beijing"
"Bahrain","BHR","Oxford/AstraZeneca, Pfizer/BioNTech, Sinopharm/Beijing, Sputnik V","2021-05-05","Ministry of Health","https://healthalert.gov.bh/en/","Sputnik V"
"Bangladesh","BGD","Oxford/AstraZeneca","2021-05-05","Directorate General of Health Services","https://dghs.gov.bd/images/docs/vpr/Covid-19-Vaccination-Update-5-5-2021.pdf","Oxford/AstraZeneca"
"Barbados","BRB","Oxford/AstraZeneca","2021-05-03","Ministry of Health","https://www.facebook.com/moh.barbados/photos/a.768944336470972/4169200269778678/","Oxford/AstraZeneca"
"Belarus","BLR","Sputnik V","2021-04-23","Ministry of Health","https://eng.belta.by/society/view/belarus-covid-19-update-1735-new-cases-1733-recoveries-139354-2021/","Sputnik V"
"Belgium","BEL","Johnson&Johnson, Moderna, Oxford/AstraZeneca, Pfizer/BioNTech","2021-05-05","Sciensano","https://epistat.wiv-isp.be/covid/","Johnson&Johnson"
"Belgium","BEL","Johnson&Johnson, Moderna, Oxford/AstraZeneca, Pfizer/BioNTech","2021-05-05","Sciensano","https://epistat.wiv-isp.be/covid/","Moderna"
"Belgium","BEL","Johnson&Johnson, Moderna, Oxford/AstraZeneca, Pfizer/BioNTech","2021-05-05","Sciensano","https://epistat.wiv-isp.be/covid/","Oxford/AstraZeneca"
"Belgium","BEL","Johnson&Johnson, Moderna, Oxford/AstraZeneca, Pfizer/BioNTech","2021-05-05","Sciensano","https://epistat.wiv-isp.be/covid/","Pfizer/BioNTech"
"Belize","BLZ","Oxford/AstraZeneca","2021-05-03","Ministry of Health","https://www.facebook.com/Belizehealth/photos/a.1475274459437631/2677748912523507/","Oxford/AstraZeneca"
"Bermuda","BMU","Pfizer/BioNTech","2021-04-26","Government of Bermuda","https://www.royalgazette.com/health/news/article/20210427/live-covid-press-conference-5-30pm/","Pfizer/BioNTech"
"Bhutan","BTN","Oxford/AstraZeneca","2021-05-04","Ministry of Health","https://www.facebook.com/MoHBhutan/photos/a.999012646827018/4130987476962837/","Oxford/AstraZeneca"
"Bolivia","BOL","Oxford/AstraZeneca, Sinopharm/Beijing, Sputnik V","2021-05-03","Ministry of Health","https://twitter.com/SaludDeportesBo/status/1389392032800690177","Oxford/AstraZeneca"
"Bolivia","BOL","Oxford/AstraZeneca, Sinopharm/Beijing, Sputnik V","2021-05-03","Ministry of Health","https://twitter.com/SaludDeportesBo/status/1389392032800690177","Sinopharm/Beijing"
"Bolivia","BOL","Oxford/AstraZeneca, Sinopharm/Beijing, Sputnik V","2021-05-03","Ministry of Health","https://twitter.com/SaludDeportesBo/status/1389392032800690177","Sputnik V"
"Bosnia and Herzegovina","BIH","Oxford/AstraZeneca, Pfizer/BioNTech, Sinovac, Sputnik V","2021-04-27","Public Health Institute","https://www.klix.ba/vijesti/bih/kanton-sarajevo-ima-najveci-broj-vakcinisanih-u-odnosu-na-ostatak-federacije-bih/210501073","Oxford/AstraZeneca"
"Bosnia and Herzegovina","BIH","Oxford/AstraZeneca, Pfizer/BioNTech, Sinovac, Sputnik V","2021-04-27","Public Health Institute","https://www.klix.ba/vijesti/bih/kanton-sarajevo-ima-najveci-broj-vakcinisanih-u-odnosu-na-ostatak-federacije-bih/210501073","Pfizer/BioNTech"
"Bosnia and Herzegovina","BIH","Oxford/AstraZeneca, Pfizer/BioNTech, Sinovac, Sputnik V","2021-04-27","Public Health Institute","https://www.klix.ba/vijesti/bih/kanton-sarajevo-ima-najveci-broj-vakcinisanih-u-odnosu-na-ostatak-federacije-bih/210501073","Sinovac"
"Bosnia and Herzegovina","BIH","Oxford/AstraZeneca, Pfizer/BioNTech, Sinovac, Sputnik V","2021-04-27","Public Health Institute","https://www.klix.ba/vijesti/bih/kanton-sarajevo-ima-najveci-broj-vakcinisanih-u-odnosu-na-ostatak-federacije-bih/210501073","Sputnik V"
"Botswana","BWA","Oxford/AstraZeneca","2021-04-30","Ministry of Health and Wellness","https://www.facebook.com/BotswanaGovernment/posts/3969222726493689","Oxford/AstraZeneca"
"Brazil","BRA","Oxford/AstraZeneca, Sinovac","2021-05-05","Ministry of Health","https://qsprod.saude.gov.br/extensions/DEMAS_C19Vacina/DEMAS_C19Vacina.html","Oxford/AstraZeneca"
"Brazil","BRA","Oxford/AstraZeneca, Sinovac","2021-05-05","Ministry of Health","https://qsprod.saude.gov.br/extensions/DEMAS_C19Vacina/DEMAS_C19Vacina.html","Sinovac"
"Brunei","BRN","Oxford/AstraZeneca","2021-04-23","Ministry of Health","https://borneobulletin.com.bn/innoculation-drive-senior-citizens-begins-tomorrow-2/","Oxford/AstraZeneca"
"Bulgaria","BGR","Moderna, Oxford/AstraZeneca, Pfizer/BioNTech","2021-05-05","Ministry of Health","https://coronavirus.bg/bg/statistika","Moderna"
"Bulgaria","BGR","Moderna, Oxford/AstraZeneca, Pfizer/BioNTech","2021-05-05","Ministry of Health","https://coronavirus.bg/bg/statistika","Oxford/AstraZeneca"
"Bulgaria","BGR","Moderna, Oxford/AstraZeneca, Pfizer/BioNTech","2021-05-05","Ministry of Health","https://coronavirus.bg/bg/statistika","Pfizer/BioNTech"
"Cambodia","KHM","Oxford/AstraZeneca, Sinopharm/Beijing, Sinovac","2021-05-05","Ministry of Health","http://www.freshnewsasia.com/index.php/en/localnews/196667-2021-05-05-14-27-59.html","Oxford/AstraZeneca"
"Cambodia","KHM","Oxford/AstraZeneca, Sinopharm/Beijing, Sinovac","2021-05-05","Ministry of Health","http://www.freshnewsasia.com/index.php/en/localnews/196667-2021-05-05-14-27-59.html","Sinopharm/Beijing"
"Cambodia","KHM","Oxford/AstraZeneca, Sinopharm/Beijing, Sinovac","2021-05-05","Ministry of Health","http://www.freshnewsasia.com/index.php/en/localnews/196667-2021-05-05-14-27-59.html","Sinovac"
"Cameroon","CMR","Sinopharm/Beijing","2021-04-12","Medical Council","https://www.voanews.com/africa/cameroon-health-workers-doubt-efficacy-chinese-covid-vaccines","Sinopharm/Beijing"
"Canada","CAN","Moderna, Oxford/AstraZeneca, Pfizer/BioNTech","2021-05-05","Official data from provinces via covid19tracker.ca","https://covid19tracker.ca/vaccinationtracker.html","Moderna"
"Canada","CAN","Moderna, Oxford/AstraZeneca, Pfizer/BioNTech","2021-05-05","Official data from provinces via covid19tracker.ca","https://covid19tracker.ca/vaccinationtracker.html","Oxford/AstraZeneca"
"Canada","CAN","Moderna, Oxford/AstraZeneca, Pfizer/BioNTech","2021-05-05","Official data from provinces via covid19tracker.ca","https://covid19tracker.ca/vaccinationtracker.html","Pfizer/BioNTech"
"Cape Verde","CPV","Oxford/AstraZeneca","2021-03-24","Government of Cape Verde","https://www.noticiasaominuto.com/mundo/1718730/cabo-verde-vacinou-mais-de-metade-dos-profissionais-de-saude-numa-semana","Oxford/AstraZeneca"
"Cayman Islands","CYM","Oxford/AstraZeneca, Pfizer/BioNTech","2021-04-30","Cayman Islands Government","https://www.exploregov.ky/coronavirus-statistics","Oxford/AstraZeneca"
"Cayman Islands","CYM","Oxford/AstraZeneca, Pfizer/BioNTech","2021-04-30","Cayman Islands Government","https://www.exploregov.ky/coronavirus-statistics","Pfizer/BioNTech"
"Chile","CHL","Pfizer/BioNTech, Sinovac","2021-05-04","Department of Statistics and Health Information","https://www.gob.cl/yomevacuno/","Pfizer/BioNTech"
"Chile","CHL","Pfizer/BioNTech, Sinovac","2021-05-04","Department of Statistics and Health Information","https://www.gob.cl/yomevacuno/","Sinovac"
"China","CHN","Sinopharm/Beijing, Sinopharm/Wuhan, Sinovac","2021-05-05","National Health Commission","http://www.nhc.gov.cn/xcs/yqjzqk/202105/c953cb843e384c21941d489f6ac66f7f.shtml","Sinopharm/Beijing"
"China","CHN","Sinopharm/Beijing, Sinopharm/Wuhan, Sinovac","2021-05-05","National Health Commission","http://www.nhc.gov.cn/xcs/yqjzqk/202105/c953cb843e384c21941d489f6ac66f7f.shtml","Sinopharm/Wuhan"
"China","CHN","Sinopharm/Beijing, Sinopharm/Wuhan, Sinovac","2021-05-05","National Health Commission","http://www.nhc.gov.cn/xcs/yqjzqk/202105/c953cb843e384c21941d489f6ac66f7f.shtml","Sinovac"
"Colombia","COL","Oxford/AstraZeneca, Pfizer/BioNTech, Sinovac","2021-05-02","Ministry of Health","https://app.powerbi.com/view?r=eyJrIjoiYjc0NTBhZGMtZGM2NS00YjA0LTljNGYtYTJkNWI1YTJlYzAwIiwidCI6Ijc0YzBjMjUwLTFjNzctNDA1ZC05YjFlLTlhYzFmNTA4YWJlMyIsImMiOjR9&pageName=ReportSectionad9662980220d3261e68","Oxford/AstraZeneca"
"Colombia","COL","Oxford/AstraZeneca, Pfizer/BioNTech, Sinovac","2021-05-02","Ministry of Health","https://app.powerbi.com/view?r=eyJrIjoiYjc0NTBhZGMtZGM2NS00YjA0LTljNGYtYTJkNWI1YTJlYzAwIiwidCI6Ijc0YzBjMjUwLTFjNzctNDA1ZC05YjFlLTlhYzFmNTA4YWJlMyIsImMiOjR9&pageName=ReportSectionad9662980220d3261e68","Pfizer/BioNTech"
"Colombia","COL","Oxford/AstraZeneca, Pfizer/BioNTech, Sinovac","2021-05-02","Ministry of Health","https://app.powerbi.com/view?r=eyJrIjoiYjc0NTBhZGMtZGM2NS00YjA0LTljNGYtYTJkNWI1YTJlYzAwIiwidCI6Ijc0YzBjMjUwLTFjNzctNDA1ZC05YjFlLTlhYzFmNTA4YWJlMyIsImMiOjR9&pageName=ReportSectionad9662980220d3261e68","Sinovac"
"Congo","COG","Sinopharm/Beijing, Sputnik V","2021-04-14","Government of the Republic of Congo","https://gouvernement.cg/coronavirus-communique-de-la-coordination-nationale-de-gestion-de-la-pandemie-de-coronavirus-covid-19-suite-a-sa-reunion-du-mercredi-14-avril-2021/","Sinopharm/Beijing"
"Congo","COG","Sinopharm/Beijing, Sputnik V","2021-04-14","Government of the Republic of Congo","https://gouvernement.cg/coronavirus-communique-de-la-coordination-nationale-de-gestion-de-la-pandemie-de-coronavirus-covid-19-suite-a-sa-reunion-du-mercredi-14-avril-2021/","Sputnik V"
"Costa Rica","CRI","Oxford/AstraZeneca, Pfizer/BioNTech","2021-05-03","Costa Rican Social Security Fund","https://www.ccss.sa.cr/web/coronavirus/vacunacion","Oxford/AstraZeneca"
"Costa Rica","CRI","Oxford/AstraZeneca, Pfizer/BioNTech","2021-05-03","Costa Rican Social Security Fund","https://www.ccss.sa.cr/web/coronavirus/vacunacion","Pfizer/BioNTech"
"Cote d'Ivoire","CIV","Oxford/AstraZeneca","2021-05-04","Ministry of Health and Public Hygiene","https://www.facebook.com/mshpcmu/posts/1893929784106040","Oxford/AstraZeneca"
"Croatia","HRV","Moderna, Oxford/AstraZeneca, Pfizer/BioNTech","2021-05-05","Ministry of Health","https://www.index.hr/vijesti/clanak/sluzbeno-umrlo-je-40-ljudi-danas-imamo-1640-novih-slucajeva/2274021.aspx","Moderna"
"Croatia","HRV","Moderna, Oxford/AstraZeneca, Pfizer/BioNTech","2021-05-05","Ministry of Health","https://www.index.hr/vijesti/clanak/sluzbeno-umrlo-je-40-ljudi-danas-imamo-1640-novih-slucajeva/2274021.aspx","Oxford/AstraZeneca"
"Croatia","HRV","Moderna, Oxford/AstraZeneca, Pfizer/BioNTech","2021-05-05","Ministry of Health","https://www.index.hr/vijesti/clanak/sluzbeno-umrlo-je-40-ljudi-danas-imamo-1640-novih-slucajeva/2274021.aspx","Pfizer/BioNTech"
"Curacao","CUW","Moderna, Pfizer/BioNTech","2021-05-05","Government of Curacao","https://bakuna.cw/","Moderna"
"Curacao","CUW","Moderna, Pfizer/BioNTech","2021-05-05","Government of Curacao","https://bakuna.cw/","Pfizer/BioNTech"
"Cyprus","CYP","Pfizer/BioNTech","2021-05-01","Government of Cyprus","https://www.pio.gov.cy/%CE%B1%CE%BD%CE%B1%CE%BA%CE%BF%CE%B9%CE%BD%CF%89%CE%B8%CE%AD%CE%BD%CF%84%CE%B1-%CE%AC%CF%81%CE%B8%CF%81%CE%BF.html?id=20003#flat","Pfizer/BioNTech"
"Czechia","CZE","Johnson&Johnson, Moderna, Oxford/AstraZeneca, Pfizer/BioNTech","2021-05-05","Ministry of Health","https://onemocneni-aktualne.mzcr.cz/covid-19","Johnson&Johnson"
"Czechia","CZE","Johnson&Johnson, Moderna, Oxford/AstraZeneca, Pfizer/BioNTech","2021-05-05","Ministry of Health","https://onemocneni-aktualne.mzcr.cz/covid-19","Moderna"
"Czechia","CZE","Johnson&Johnson, Moderna, Oxford/AstraZeneca, Pfizer/BioNTech","2021-05-05","Ministry of Health","https://onemocneni-aktualne.mzcr.cz/covid-19","Oxford/AstraZeneca"
"Czechia","CZE","Johnson&Johnson, Moderna, Oxford/AstraZeneca, Pfizer/BioNTech","2021-05-05","Ministry of Health","https://onemocneni-aktualne.mzcr.cz/covid-19","Pfizer/BioNTech"
"Democratic Republic of Congo","COD","Oxford/AstraZeneca","2021-04-25","Ministry of Health","https://www.theeastafrican.co.ke/tea/rest-of-africa/drc-to-return-vaccines-3380784","Oxford/AstraZeneca"
"Denmark","DNK","Moderna, Oxford/AstraZeneca, Pfizer/BioNTech","2021-05-04","Statens Serum Institute","https://covid19.ssi.dk/overvagningsdata/vaccinationstilslutning","Moderna"
"Denmark","DNK","Moderna, Oxford/AstraZeneca, Pfizer/BioNTech","2021-05-04","Statens Serum Institute","https://covid19.ssi.dk/overvagningsdata/vaccinationstilslutning","Oxford/AstraZeneca"
"Denmark","DNK","Moderna, Oxford/AstraZeneca, Pfizer/BioNTech","2021-05-04","Statens Serum Institute","https://covid19.ssi.dk/overvagningsdata/vaccinationstilslutning","Pfizer/BioNTech"
"Djibouti","DJI","Oxford/AstraZeneca","2021-04-17","Présidence de la République de Djibouti","https://reliefweb.int/report/iran-islamic-republic/covid-19-situation-updates-week-15-11-17-april-2021","Oxford/AstraZeneca"
"Dominica","DMA","Oxford/AstraZeneca","2021-04-28","Government of Dominica","https://dominica.gov.dm/updates","Oxford/AstraZeneca"
"Dominican Republic","DOM","Oxford/AstraZeneca, Sinopharm/Beijing, Sinovac","2021-05-04","Ministry of Public Health","https://vacunate.gob.do/","Oxford/AstraZeneca"
"Dominican Republic","DOM","Oxford/AstraZeneca, Sinopharm/Beijing, Sinovac","2021-05-04","Ministry of Public Health","https://vacunate.gob.do/","Sinopharm/Beijing"
"Dominican Republic","DOM","Oxford/AstraZeneca, Sinopharm/Beijing, Sinovac","2021-05-04","Ministry of Public Health","https://vacunate.gob.do/","Sinovac"
"Ecuador","ECU","Oxford/AstraZeneca, Pfizer/BioNTech, Sinovac","2021-05-04","Government of Ecuador via Ecuacovid","https://github.com/andrab/ecuacovid","Oxford/AstraZeneca"
"Ecuador","ECU","Oxford/AstraZeneca, Pfizer/BioNTech, Sinovac","2021-05-04","Government of Ecuador via Ecuacovid","https://github.com/andrab/ecuacovid","Pfizer/BioNTech"
"Ecuador","ECU","Oxford/AstraZeneca, Pfizer/BioNTech, Sinovac","2021-05-04","Government of Ecuador via Ecuacovid","https://github.com/andrab/ecuacovid","Sinovac"
"Egypt","EGY","Oxford/AstraZeneca, Sinopharm/Beijing","2021-04-18","Ministry of Health","https://english.ahram.org.eg/NewsContent/1/64/409875/Egypt/Politics-/Egypt-to-produce--mln-doses-of-Sinovac-coronavirus.aspx","Oxford/AstraZeneca"
"Egypt","EGY","Oxford/AstraZeneca, Sinopharm/Beijing","2021-04-18","Ministry of Health","https://english.ahram.org.eg/NewsContent/1/64/409875/Egypt/Politics-/Egypt-to-produce--mln-doses-of-Sinovac-coronavirus.aspx","Sinopharm/Beijing"
"El Salvador","SLV","Oxford/AstraZeneca, Pfizer/BioNTech, Sinovac","2021-05-04","Ministry of Health","https://covid19.gob.sv/","Oxford/AstraZeneca"
"El Salvador","SLV","Oxford/AstraZeneca, Pfizer/BioNTech, Sinovac","2021-05-04","Ministry of Health","https://covid19.gob.sv/","Pfizer/BioNTech"
"El Salvador","SLV","Oxford/AstraZeneca, Pfizer/BioNTech, Sinovac","2021-05-04","Ministry of Health","https://covid19.gob.sv/","Sinovac"
"England","OWID_ENG","Moderna, Oxford/AstraZeneca, Pfizer/BioNTech","2021-05-04","Government of the United Kingdom","https://coronavirus.data.gov.uk/details/healthcare","Moderna"
"England","OWID_ENG","Moderna, Oxford/AstraZeneca, Pfizer/BioNTech","2021-05-04","Government of the United Kingdom","https://coronavirus.data.gov.uk/details/healthcare","Oxford/AstraZeneca"
"England","OWID_ENG","Moderna, Oxford/AstraZeneca, Pfizer/BioNTech","2021-05-04","Government of the United Kingdom","https://coronavirus.data.gov.uk/details/healthcare","Pfizer/BioNTech"
"Equatorial Guinea","GNQ","Sinopharm/Beijing","2021-04-28","Ministry of Health","https://guineasalud.org/estadisticas/","Sinopharm/Beijing"
"Estonia","EST","Moderna, Oxford/AstraZeneca, Pfizer/BioNTech","2021-05-05","National Health Board","https://opendata.digilugu.ee","Moderna"
"Estonia","EST","Moderna, Oxford/AstraZeneca, Pfizer/BioNTech","2021-05-05","National Health Board","https://opendata.digilugu.ee","Oxford/AstraZeneca"
"Estonia","EST","Moderna, Oxford/AstraZeneca, Pfizer/BioNTech","2021-05-05","National Health Board","https://opendata.digilugu.ee","Pfizer/BioNTech"
"Eswatini","SWZ","Oxford/AstraZeneca","2021-04-25","Government of Eswatini","https://twitter.com/EswatiniGovern1/status/1386367464636833795","Oxford/AstraZeneca"
"Ethiopia","ETH","Oxford/AstraZeneca","2021-05-05","Ministry of Health","https://twitter.com/FMoHealth/status/1390004366476709897?s=20","Oxford/AstraZeneca"
"Faeroe Islands","FRO","Moderna, Pfizer/BioNTech","2021-04-28","Government of the Faeroe Islands","https://corona.fo/api","Moderna"
"Faeroe Islands","FRO","Moderna, Pfizer/BioNTech","2021-04-28","Government of the Faeroe Islands","https://corona.fo/api","Pfizer/BioNTech"
"Falkland Islands","FLK","Oxford/AstraZeneca","2021-04-14","Government of the Falkland Islands","https://www.facebook.com/FalkIandsGov/posts/4401230323224594","Oxford/AstraZeneca"
"Fiji","FJI","Oxford/AstraZeneca","2021-04-16","Ministry of Health","https://twitter.com/FijiPM/status/1382948915968823298","Oxford/AstraZeneca"
"Finland","FIN","Moderna, Oxford/AstraZeneca, Pfizer/BioNTech","2021-05-05","Finnish Institute for Health and Welfare","https://sampo.thl.fi/pivot/prod/en/vaccreg/cov19cov/fact_cov19cov?column=measure-533185.533172.433796.533175&row=cov_vac_dose-533174L","Moderna"
"Finland","FIN","Moderna, Oxford/AstraZeneca, Pfizer/BioNTech","2021-05-05","Finnish Institute for Health and Welfare","https://sampo.thl.fi/pivot/prod/en/vaccreg/cov19cov/fact_cov19cov?column=measure-533185.533172.433796.533175&row=cov_vac_dose-533174L","Oxford/AstraZeneca"
"Finland","FIN","Moderna, Oxford/AstraZeneca, Pfizer/BioNTech","2021-05-05","Finnish Institute for Health and Welfare","https://sampo.thl.fi/pivot/prod/en/vaccreg/cov19cov/fact_cov19cov?column=measure-533185.533172.433796.533175&row=cov_vac_dose-533174L","Pfizer/BioNTech"
"France","FRA","Johnson&Johnson, Moderna, Oxford/AstraZeneca, Pfizer/BioNTech","2021-05-04","Public Health France","https://www.data.gouv.fr/fr/datasets/donnees-relatives-aux-personnes-vaccinees-contre-la-covid-19-1/","Johnson&Johnson"
"France","FRA","Johnson&Johnson, Moderna, Oxford/AstraZeneca, Pfizer/BioNTech","2021-05-04","Public Health France","https://www.data.gouv.fr/fr/datasets/donnees-relatives-aux-personnes-vaccinees-contre-la-covid-19-1/","Moderna"
"France","FRA","Johnson&Johnson, Moderna, Oxford/AstraZeneca, Pfizer/BioNTech","2021-05-04","Public Health France","https://www.data.gouv.fr/fr/datasets/donnees-relatives-aux-personnes-vaccinees-contre-la-covid-19-1/","Oxford/AstraZeneca"
"France","FRA","Johnson&Johnson, Moderna, Oxford/AstraZeneca, Pfizer/BioNTech","2021-05-04","Public Health France","https://www.data.gouv.fr/fr/datasets/donnees-relatives-aux-personnes-vaccinees-contre-la-covid-19-1/","Pfizer/BioNTech"
"Gabon","GAB","Sinopharm/Beijing","2021-04-23","Ministry of Health","https://twitter.com/SanteGOUVGA/status/1385685719537143809","Sinopharm/Beijing"
"Gambia","GMB","Oxford/AstraZeneca","2021-04-24","Ministry of Health","https://twitter.com/MoHCovid19GMB/status/1386066550675976194","Oxford/AstraZeneca"
"Georgia","GEO","Oxford/AstraZeneca","2021-04-30","Government of Georgia","https://www.facebook.com/ncdcgeorgia/photos/a.126526410768631/3951728241581743/","Oxford/AstraZeneca"
"Germany","DEU","Johnson&Johnson, Moderna, Oxford/AstraZeneca, Pfizer/BioNTech","2021-05-05","Robert Koch Institut","https://impfdashboard.de/","Johnson&Johnson"
"Germany","DEU","Johnson&Johnson, Moderna, Oxford/AstraZeneca, Pfizer/BioNTech","2021-05-05","Robert Koch Institut","https://impfdashboard.de/","Moderna"
"Germany","DEU","Johnson&Johnson, Moderna, Oxford/AstraZeneca, Pfizer/BioNTech","2021-05-05","Robert Koch Institut","https://impfdashboard.de/","Oxford/AstraZeneca"
"Germany","DEU","Johnson&Johnson, Moderna, Oxford/AstraZeneca, Pfizer/BioNTech","2021-05-05","Robert Koch Institut","https://impfdashboard.de/","Pfizer/BioNTech"
"Ghana","GHA","Oxford/AstraZeneca","2021-04-30","Government of Ghana","https://www.ghanahealthservice.org/covid19/press-releases.php","Oxford/AstraZeneca"
"Gibraltar","GIB","Pfizer/BioNTech","2021-05-01","Government of Gibraltar","https://twitter.com/GibraltarGov/status/1388433273718706179","Pfizer/BioNTech"
"Greece","GRC","Moderna, Oxford/AstraZeneca, Pfizer/BioNTech","2021-05-05","Ministry of Health","https://www.data.gov.gr/datasets/mdg_emvolio/","Moderna"
"Greece","GRC","Moderna, Oxford/AstraZeneca, Pfizer/BioNTech","2021-05-05","Ministry of Health","https://www.data.gov.gr/datasets/mdg_emvolio/","Oxford/AstraZeneca"
"Greece","GRC","Moderna, Oxford/AstraZeneca, Pfizer/BioNTech","2021-05-05","Ministry of Health","https://www.data.gov.gr/datasets/mdg_emvolio/","Pfizer/BioNTech"
"Greenland","GRL","Pfizer/BioNTech","2021-05-04","Government of Greenland","https://corona.nun.gl/emner/statistik/antal_vaccinerede","Pfizer/BioNTech"
"Grenada","GRD","Oxford/AstraZeneca","2021-04-29","Government of Grenada","https://www.facebook.com/HealthGrenada/photos/a.570448523487244/1005798353285590","Oxford/AstraZeneca"
"Guatemala","GTM","Moderna, Oxford/AstraZeneca","2021-05-04","Ministry of Health","https://gtmvigilanciacovid.shinyapps.io/3869aac0fb95d6baf2c80f19f2da5f98","Moderna"
"Guatemala","GTM","Moderna, Oxford/AstraZeneca","2021-05-04","Ministry of Health","https://gtmvigilanciacovid.shinyapps.io/3869aac0fb95d6baf2c80f19f2da5f98","Oxford/AstraZeneca"
"Guernsey","GGY","Oxford/AstraZeneca, Pfizer/BioNTech","2021-04-20","Government of Guernsey","https://covid19.gov.gg/guidance/vaccine/stats","Oxford/AstraZeneca"
"Guernsey","GGY","Oxford/AstraZeneca, Pfizer/BioNTech","2021-04-20","Government of Guernsey","https://covid19.gov.gg/guidance/vaccine/stats","Pfizer/BioNTech"
"Guinea","GIN","Sputnik V","2021-05-03","National Health Security Agency","https://twitter.com/anss_guinee/status/1389480313076822016","Sputnik V"
"Guyana","GUY","Oxford/AstraZeneca","2021-04-26","Ministry of Health","https://newsroom.gy/2021/04/27/covid-19-a-quarter-of-guyanas-adult-population-now-vaccinated/","Oxford/AstraZeneca"
"Honduras","HND","Moderna, Oxford/AstraZeneca","2021-04-09","Government of Honduras","https://proceso.hn/honduras-a-la-zaga-en-vacunacion-en-ca/","Moderna"
"Honduras","HND","Moderna, Oxford/AstraZeneca","2021-04-09","Government of Honduras","https://proceso.hn/honduras-a-la-zaga-en-vacunacion-en-ca/","Oxford/AstraZeneca"
"Hong Kong","HKG","Pfizer/BioNTech, Sinovac","2021-05-05","Government of Hong Kong","https://www.covidvaccine.gov.hk/en/dashboard","Pfizer/BioNTech"
"Hong Kong","HKG","Pfizer/BioNTech, Sinovac","2021-05-05","Government of Hong Kong","https://www.covidvaccine.gov.hk/en/dashboard","Sinovac"
"Hungary","HUN","Moderna, Oxford/AstraZeneca, Pfizer/BioNTech, Sinopharm/Beijing, Sputnik V","2021-05-05","Government of Hungary","https://koronavirus.gov.hu/cikkek/4-millio-153-ezer-beoltott-1680-az-uj-fertozott-elhunyt-124-beteg","Moderna"
"Hungary","HUN","Moderna, Oxford/AstraZeneca, Pfizer/BioNTech, Sinopharm/Beijing, Sputnik V","2021-05-05","Government of Hungary","https://koronavirus.gov.hu/cikkek/4-millio-153-ezer-beoltott-1680-az-uj-fertozott-elhunyt-124-beteg","Oxford/AstraZeneca"
"Hungary","HUN","Moderna, Oxford/AstraZeneca, Pfizer/BioNTech, Sinopharm/Beijing, Sputnik V","2021-05-05","Government of Hungary","https://koronavirus.gov.hu/cikkek/4-millio-153-ezer-beoltott-1680-az-uj-fertozott-elhunyt-124-beteg","Pfizer/BioNTech"
"Hungary","HUN","Moderna, Oxford/AstraZeneca, Pfizer/BioNTech, Sinopharm/Beijing, Sputnik V","2021-05-05","Government of Hungary","https://koronavirus.gov.hu/cikkek/4-millio-153-ezer-beoltott-1680-az-uj-fertozott-elhunyt-124-beteg","Sinopharm/Beijing"
"Hungary","HUN","Moderna, Oxford/AstraZeneca, Pfizer/BioNTech, Sinopharm/Beijing, Sputnik V","2021-05-05","Government of Hungary","https://koronavirus.gov.hu/cikkek/4-millio-153-ezer-beoltott-1680-az-uj-fertozott-elhunyt-124-beteg","Sputnik V"
"Iceland","ISL","Moderna, Oxford/AstraZeneca, Pfizer/BioNTech","2021-05-05","Directorate of Health","https://www.covid.is/tolulegar-upplysingar-boluefni","Moderna"
"Iceland","ISL","Moderna, Oxford/AstraZeneca, Pfizer/BioNTech","2021-05-05","Directorate of Health","https://www.covid.is/tolulegar-upplysingar-boluefni","Oxford/AstraZeneca"
"Iceland","ISL","Moderna, Oxford/AstraZeneca, Pfizer/BioNTech","2021-05-05","Directorate of Health","https://www.covid.is/tolulegar-upplysingar-boluefni","Pfizer/BioNTech"
"India","IND","Covaxin, Oxford/AstraZeneca","2021-05-05","Government of India","https://dashboard.cowin.gov.in/","Covaxin"
"India","IND","Covaxin, Oxford/AstraZeneca","2021-05-05","Government of India","https://dashboard.cowin.gov.in/","Oxford/AstraZeneca"
"Indonesia","IDN","Oxford/AstraZeneca, Sinovac","2021-05-04","Ministry of Health","https://vaksin.kemkes.go.id/#/vaccines","Oxford/AstraZeneca"
"Indonesia","IDN","Oxford/AstraZeneca, Sinovac","2021-05-04","Ministry of Health","https://vaksin.kemkes.go.id/#/vaccines","Sinovac"
"Iran","IRN","Oxford/AstraZeneca, Sinopharm/Beijing, Sputnik V","2021-05-04","Government of Iran","https://www.farsnews.ir/news/14000214000305","Oxford/AstraZeneca"
"Iran","IRN","Oxford/AstraZeneca, Sinopharm/Beijing, Sputnik V","2021-05-04","Government of Iran","https://www.farsnews.ir/news/14000214000305","Sinopharm/Beijing"
"Iran","IRN","Oxford/AstraZeneca, Sinopharm/Beijing, Sputnik V","2021-05-04","Government of Iran","https://www.farsnews.ir/news/14000214000305","Sputnik V"
"Iraq","IRQ","Oxford/AstraZeneca, Sinopharm/Beijing","2021-04-23","Ministry of Health","https://www.kuna.net.kw/ArticleDetails.aspx?id=2973540&language=en","Oxford/AstraZeneca"
"Iraq","IRQ","Oxford/AstraZeneca, Sinopharm/Beijing","2021-04-23","Ministry of Health","https://www.kuna.net.kw/ArticleDetails.aspx?id=2973540&language=en","Sinopharm/Beijing"
"Ireland","IRL","Moderna, Oxford/AstraZeneca, Pfizer/BioNTech","2021-05-04","Heath Service Executive","https://covid19ireland-geohive.hub.arcgis.com/","Moderna"
"Ireland","IRL","Moderna, Oxford/AstraZeneca, Pfizer/BioNTech","2021-05-04","Heath Service Executive","https://covid19ireland-geohive.hub.arcgis.com/","Oxford/AstraZeneca"
"Ireland","IRL","Moderna, Oxford/AstraZeneca, Pfizer/BioNTech","2021-05-04","Heath Service Executive","https://covid19ireland-geohive.hub.arcgis.com/","Pfizer/BioNTech"
"Isle of Man","IMN","Oxford/AstraZeneca, Pfizer/BioNTech","2021-05-05","Isle of Man Government","https://covid19.gov.im/general-information/covid-19-vaccination-statistics/","Oxford/AstraZeneca"
"Isle of Man","IMN","Oxford/AstraZeneca, Pfizer/BioNTech","2021-05-05","Isle of Man Government","https://covid19.gov.im/general-information/covid-19-vaccination-statistics/","Pfizer/BioNTech"
"Israel","ISR","Moderna, Pfizer/BioNTech","2021-05-05","Government of Israel","https://datadashboard.health.gov.il/COVID-19/general","Moderna"
"Israel","ISR","Moderna, Pfizer/BioNTech","2021-05-05","Government of Israel","https://datadashboard.health.gov.il/COVID-19/general","Pfizer/BioNTech"
"Italy","ITA","Johnson&Johnson, Moderna, Oxford/AstraZeneca, Pfizer/BioNTech","2021-05-05","Extraordinary commissioner for the Covid-19 emergency","https://raw.githubusercontent.com/italia/covid19-opendata-vaccini/master/dati/somministrazioni-vaccini-latest.csv","Johnson&Johnson"
"Italy","ITA","Johnson&Johnson, Moderna, Oxford/AstraZeneca, Pfizer/BioNTech","2021-05-05","Extraordinary commissioner for the Covid-19 emergency","https://raw.githubusercontent.com/italia/covid19-opendata-vaccini/master/dati/somministrazioni-vaccini-latest.csv","Moderna"
"Italy","ITA","Johnson&Johnson, Moderna, Oxford/AstraZeneca, Pfizer/BioNTech","2021-05-05","Extraordinary commissioner for the Covid-19 emergency","https://raw.githubusercontent.com/italia/covid19-opendata-vaccini/master/dati/somministrazioni-vaccini-latest.csv","Oxford/AstraZeneca"
"Italy","ITA","Johnson&Johnson, Moderna, Oxford/AstraZeneca, Pfizer/BioNTech","2021-05-05","Extraordinary commissioner for the Covid-19 emergency","https://raw.githubusercontent.com/italia/covid19-opendata-vaccini/master/dati/somministrazioni-vaccini-latest.csv","Pfizer/BioNTech"
"Jamaica","JAM","Oxford/AstraZeneca","2021-04-13","Government of Jamaica","http://jamaica-gleaner.com/article/lead-stories/20210415/vaxxed-max","Oxford/AstraZeneca"
"Japan","JPN","Pfizer/BioNTech","2021-05-05","Prime Minister's Office","https://www.kantei.go.jp/jp/headline/kansensho/vaccine.html","Pfizer/BioNTech"
"Jersey","JEY","Oxford/AstraZeneca, Pfizer/BioNTech","2021-04-28","Government of Jersey","https://www.gov.je/Health/Coronavirus/Vaccine/Pages/VaccinationStatistics.aspx","Oxford/AstraZeneca"
"Jersey","JEY","Oxford/AstraZeneca, Pfizer/BioNTech","2021-04-28","Government of Jersey","https://www.gov.je/Health/Coronavirus/Vaccine/Pages/VaccinationStatistics.aspx","Pfizer/BioNTech"
"Jordan","JOR","Pfizer/BioNTech, Sinopharm/Beijing","2021-05-04","Government of Jordan","https://www.facebook.com/ncscmjordan/photos/a.388629101483029/1436628866683042","Pfizer/BioNTech"
"Jordan","JOR","Pfizer/BioNTech, Sinopharm/Beijing","2021-05-04","Government of Jordan","https://www.facebook.com/ncscmjordan/photos/a.388629101483029/1436628866683042","Sinopharm/Beijing"
"Kazakhstan","KAZ","Sputnik V","2021-05-05","Government of Kazakhstan","https://www.coronavirus2020.kz/","Sputnik V"
"Kenya","KEN","Oxford/AstraZeneca, Sputnik V","2021-04-28","Ministry of Health","https://www.aa.com.tr/en/latest-on-coronavirus-outbreak/kenya-confirms-23-new-covid-19-deaths-over-800-cases/2223734","Oxford/AstraZeneca"
"Kenya","KEN","Oxford/AstraZeneca, Sputnik V","2021-04-28","Ministry of Health","https://www.aa.com.tr/en/latest-on-coronavirus-outbreak/kenya-confirms-23-new-covid-19-deaths-over-800-cases/2223734","Sputnik V"
"Kosovo","OWID_KOS","Oxford/AstraZeneca","2021-04-23","Ministry of Health","https://www.facebook.com/Ministria.Shendetesise.RKS/posts/1973327486158162","Oxford/AstraZeneca"
"Kuwait","KWT","Pfizer/BioNTech","2021-05-04","Ministry of Health","https://twitter.com/alqabas/status/1389614756483510276","Pfizer/BioNTech"
"Kyrgyzstan","KGZ","Sinopharm/Beijing, Sputnik V","2021-04-28","Ministry of Health","https://eurasianet.org/dashboard-vaccinating-eurasia-april","Sinopharm/Beijing"
"Kyrgyzstan","KGZ","Sinopharm/Beijing, Sputnik V","2021-04-28","Ministry of Health","https://eurasianet.org/dashboard-vaccinating-eurasia-april","Sputnik V"
"Laos","LAO","Sinopharm/Beijing, Sputnik V","2021-04-26","Government of Laos","https://www.facebook.com/CIEH.MoH.Lao/posts/4188940891130573","Sinopharm/Beijing"
"Laos","LAO","Sinopharm/Beijing, Sputnik V","2021-04-26","Government of Laos","https://www.facebook.com/CIEH.MoH.Lao/posts/4188940891130573","Sputnik V"
"Latvia","LVA","Johnson&Johnson, Moderna, Oxford/AstraZeneca, Pfizer/BioNTech","2021-05-05","National Health Service","https://data.gov.lv/dati/eng/dataset/covid19-vakcinacijas","Johnson&Johnson"
"Latvia","LVA","Johnson&Johnson, Moderna, Oxford/AstraZeneca, Pfizer/BioNTech","2021-05-05","National Health Service","https://data.gov.lv/dati/eng/dataset/covid19-vakcinacijas","Moderna"
"Latvia","LVA","Johnson&Johnson, Moderna, Oxford/AstraZeneca, Pfizer/BioNTech","2021-05-05","National Health Service","https://data.gov.lv/dati/eng/dataset/covid19-vakcinacijas","Oxford/AstraZeneca"
"Latvia","LVA","Johnson&Johnson, Moderna, Oxford/AstraZeneca, Pfizer/BioNTech","2021-05-05","National Health Service","https://data.gov.lv/dati/eng/dataset/covid19-vakcinacijas","Pfizer/BioNTech"
"Lebanon","LBN","Oxford/AstraZeneca, Pfizer/BioNTech, Sinopharm/Beijing, Sputnik V","2021-05-05","Government of Lebanon","https://impact.cib.gov.lb/home/dashboard/vaccine","Oxford/AstraZeneca"
"Lebanon","LBN","Oxford/AstraZeneca, Pfizer/BioNTech, Sinopharm/Beijing, Sputnik V","2021-05-05","Government of Lebanon","https://impact.cib.gov.lb/home/dashboard/vaccine","Pfizer/BioNTech"
"Lebanon","LBN","Oxford/AstraZeneca, Pfizer/BioNTech, Sinopharm/Beijing, Sputnik V","2021-05-05","Government of Lebanon","https://impact.cib.gov.lb/home/dashboard/vaccine","Sinopharm/Beijing"
"Lebanon","LBN","Oxford/AstraZeneca, Pfizer/BioNTech, Sinopharm/Beijing, Sputnik V","2021-05-05","Government of Lebanon","https://impact.cib.gov.lb/home/dashboard/vaccine","Sputnik V"
"Lesotho","LSO","Oxford/AstraZeneca","2021-04-17","Government of Lesotho","https://news.un.org/en/story/2021/04/1089792","Oxford/AstraZeneca"
"Libya","LBY","Oxford/AstraZeneca, Sinovac, Sputnik V","2021-04-17","Government of National Unity","https://reliefweb.int/report/iran-islamic-republic/covid-19-situation-updates-week-15-11-17-april-2021","Oxford/AstraZeneca"
"Libya","LBY","Oxford/AstraZeneca, Sinovac, Sputnik V","2021-04-17","Government of National Unity","https://reliefweb.int/report/iran-islamic-republic/covid-19-situation-updates-week-15-11-17-april-2021","Sinovac"
"Libya","LBY","Oxford/AstraZeneca, Sinovac, Sputnik V","2021-04-17","Government of National Unity","https://reliefweb.int/report/iran-islamic-republic/covid-19-situation-updates-week-15-11-17-april-2021","Sputnik V"
"Liechtenstein","LIE","Moderna, Pfizer/BioNTech","2021-05-02","Federal Office of Public Health","https://www.covid19.admin.ch/en/epidemiologic/vacc-doses?detGeo=FL","Moderna"
"Liechtenstein","LIE","Moderna, Pfizer/BioNTech","2021-05-02","Federal Office of Public Health","https://www.covid19.admin.ch/en/epidemiologic/vacc-doses?detGeo=FL","Pfizer/BioNTech"
"Lithuania","LTU","Johnson&Johnson, Moderna, Oxford/AstraZeneca, Pfizer/BioNTech","2021-05-05","Ministry of Health","https://ls-osp-sdg.maps.arcgis.com/apps/opsdashboard/index.html#/b7063ad3f8c149d394be7f043dfce460","Johnson&Johnson"
"Lithuania","LTU","Johnson&Johnson, Moderna, Oxford/AstraZeneca, Pfizer/BioNTech","2021-05-05","Ministry of Health","https://ls-osp-sdg.maps.arcgis.com/apps/opsdashboard/index.html#/b7063ad3f8c149d394be7f043dfce460","Moderna"
"Lithuania","LTU","Johnson&Johnson, Moderna, Oxford/AstraZeneca, Pfizer/BioNTech","2021-05-05","Ministry of Health","https://ls-osp-sdg.maps.arcgis.com/apps/opsdashboard/index.html#/b7063ad3f8c149d394be7f043dfce460","Oxford/AstraZeneca"
"Lithuania","LTU","Johnson&Johnson, Moderna, Oxford/AstraZeneca, Pfizer/BioNTech","2021-05-05","Ministry of Health","https://ls-osp-sdg.maps.arcgis.com/apps/opsdashboard/index.html#/b7063ad3f8c149d394be7f043dfce460","Pfizer/BioNTech"
"Luxembourg","LUX","Moderna, Oxford/AstraZeneca, Pfizer/BioNTech","2021-05-04","Government of Luxembourg","https://data.public.lu/fr/datasets/r/f75dc653-14f2-4dec-977c-ba239fddd6dc","Moderna"
"Luxembourg","LUX","Moderna, Oxford/AstraZeneca, Pfizer/BioNTech","2021-05-04","Government of Luxembourg","https://data.public.lu/fr/datasets/r/f75dc653-14f2-4dec-977c-ba239fddd6dc","Oxford/AstraZeneca"
"Luxembourg","LUX","Moderna, Oxford/AstraZeneca, Pfizer/BioNTech","2021-05-04","Government of Luxembourg","https://data.public.lu/fr/datasets/r/f75dc653-14f2-4dec-977c-ba239fddd6dc","Pfizer/BioNTech"
"Macao","MAC","Pfizer/BioNTech, Sinopharm/Beijing","2021-05-05","Government of Macao","https://www.gov.mo/zh-hant/news/376099/","Pfizer/BioNTech"
"Macao","MAC","Pfizer/BioNTech, Sinopharm/Beijing","2021-05-05","Government of Macao","https://www.gov.mo/zh-hant/news/376099/","Sinopharm/Beijing"
"Malawi","MWI","Oxford/AstraZeneca","2021-04-30","Ministry of Health","https://twitter.com/health_malawi/status/1388166647672881153","Oxford/AstraZeneca"
"Malaysia","MYS","Pfizer/BioNTech, Sinovac","2021-05-03","Government of Malaysia","https://www.vaksincovid.gov.my/statistik/","Pfizer/BioNTech"
"Malaysia","MYS","Pfizer/BioNTech, Sinovac","2021-05-03","Government of Malaysia","https://www.vaksincovid.gov.my/statistik/","Sinovac"
"Maldives","MDV","Oxford/AstraZeneca, Pfizer/BioNTech, Sinopharm/Beijing","2021-05-03","Presidency of the Maldives","https://twitter.com/HPA_MV/status/1389637945666068486","Oxford/AstraZeneca"
"Maldives","MDV","Oxford/AstraZeneca, Pfizer/BioNTech, Sinopharm/Beijing","2021-05-03","Presidency of the Maldives","https://twitter.com/HPA_MV/status/1389637945666068486","Pfizer/BioNTech"
"Maldives","MDV","Oxford/AstraZeneca, Pfizer/BioNTech, Sinopharm/Beijing","2021-05-03","Presidency of the Maldives","https://twitter.com/HPA_MV/status/1389637945666068486","Sinopharm/Beijing"
"Mali","MLI","Oxford/AstraZeneca","2021-04-25","Ministry of Health","https://www.facebook.com/msdsmali1/posts/2963098517252980?__cft__[0]=AZUvGx7hQwWiO1MLPYRMMzdU7dw5pnzmACTNpF1x5bXxOTankakP9VEi50sdOsNOJDJIk9YcEzkgAnhwE72Peie0olqS3CwTrLjs5Lu3va9PH4X8ONLarXrtex3zOa7sU5o0S8T4z3R1MGc4UZGzQ2HV3u2izwmMV3alrH2Dws1eyQ&__tn__=%2CO%2CP-R","Oxford/AstraZeneca"
"Malta","MLT","Moderna, Oxford/AstraZeneca, Pfizer/BioNTech","2021-05-04","COVID-19 Malta Public Health Response Team","https://github.com/COVID19-Malta/COVID19-Cases","Moderna"
"Malta","MLT","Moderna, Oxford/AstraZeneca, Pfizer/BioNTech","2021-05-04","COVID-19 Malta Public Health Response Team","https://github.com/COVID19-Malta/COVID19-Cases","Oxford/AstraZeneca"
"Malta","MLT","Moderna, Oxford/AstraZeneca, Pfizer/BioNTech","2021-05-04","COVID-19 Malta Public Health Response Team","https://github.com/COVID19-Malta/COVID19-Cases","Pfizer/BioNTech"
"Mauritania","MRT","Sinopharm/Beijing","2021-04-18","Ministry of Health","https://www.sante.gov.mr/wp-content/uploads/2021/04/Mauritania-COVID-19-Situation-Report-2021-04-18FR.pdf","Sinopharm/Beijing"
"Mauritius","MUS","Oxford/AstraZeneca","2021-03-24","National Communication Committee on COVID-19","https://www.mymauritius.travel/articles/117323-vaccinated-mauritius-track-achieve-herd-immunity","Oxford/AstraZeneca"
"Mexico","MEX","CanSino, Oxford/AstraZeneca, Pfizer/BioNTech, Sinovac, Sputnik V","2021-05-04","Secretary of Health","https://www.gob.mx/salud/prensa/version-estenografica-conferencia-de-prensa-informe-diario-sobre-coronavirus-covid-19-en-mexico-271564","CanSino"
"Mexico","MEX","CanSino, Oxford/AstraZeneca, Pfizer/BioNTech, Sinovac, Sputnik V","2021-05-04","Secretary of Health","https://www.gob.mx/salud/prensa/version-estenografica-conferencia-de-prensa-informe-diario-sobre-coronavirus-covid-19-en-mexico-271564","Oxford/AstraZeneca"
"Mexico","MEX","CanSino, Oxford/AstraZeneca, Pfizer/BioNTech, Sinovac, Sputnik V","2021-05-04","Secretary of Health","https://www.gob.mx/salud/prensa/version-estenografica-conferencia-de-prensa-informe-diario-sobre-coronavirus-covid-19-en-mexico-271564","Pfizer/BioNTech"
"Mexico","MEX","CanSino, Oxford/AstraZeneca, Pfizer/BioNTech, Sinovac, Sputnik V","2021-05-04","Secretary of Health","https://www.gob.mx/salud/prensa/version-estenografica-conferencia-de-prensa-informe-diario-sobre-coronavirus-covid-19-en-mexico-271564","Sinovac"
"Mexico","MEX","CanSino, Oxford/AstraZeneca, Pfizer/BioNTech, Sinovac, Sputnik V","2021-05-04","Secretary of Health","https://www.gob.mx/salud/prensa/version-estenografica-conferencia-de-prensa-informe-diario-sobre-coronavirus-covid-19-en-mexico-271564","Sputnik V"
"Moldova","MDA","Oxford/AstraZeneca, Pfizer/BioNTech, Sinopharm/Beijing","2021-05-05","Ministry of Health","https://vaccinare.gov.md/","Oxford/AstraZeneca"
"Moldova","MDA","Oxford/AstraZeneca, Pfizer/BioNTech, Sinopharm/Beijing","2021-05-05","Ministry of Health","https://vaccinare.gov.md/","Pfizer/BioNTech"
"Moldova","MDA","Oxford/AstraZeneca, Pfizer/BioNTech, Sinopharm/Beijing","2021-05-05","Ministry of Health","https://vaccinare.gov.md/","Sinopharm/Beijing"
"Monaco","MCO","Pfizer/BioNTech","2021-04-22","National Council","https://www.facebook.com/GvtMonaco/posts/2719067995050823","Pfizer/BioNTech"
"Mongolia","MNG","Oxford/AstraZeneca, Pfizer/BioNTech, Sinopharm/Beijing, Sputnik V","2021-05-05","Ministry of Health via ikon.mn","https://ikon.mn/","Oxford/AstraZeneca"
"Mongolia","MNG","Oxford/AstraZeneca, Pfizer/BioNTech, Sinopharm/Beijing, Sputnik V","2021-05-05","Ministry of Health via ikon.mn","https://ikon.mn/","Pfizer/BioNTech"
"Mongolia","MNG","Oxford/AstraZeneca, Pfizer/BioNTech, Sinopharm/Beijing, Sputnik V","2021-05-05","Ministry of Health via ikon.mn","https://ikon.mn/","Sinopharm/Beijing"
"Mongolia","MNG","Oxford/AstraZeneca, Pfizer/BioNTech, Sinopharm/Beijing, Sputnik V","2021-05-05","Ministry of Health via ikon.mn","https://ikon.mn/","Sputnik V"
"Montenegro","MNE","Sinopharm/Beijing, Sputnik V","2021-05-05","Government of Montenegro","https://www.covidodgovor.me/","Sinopharm/Beijing"
"Montenegro","MNE","Sinopharm/Beijing, Sputnik V","2021-05-05","Government of Montenegro","https://www.covidodgovor.me/","Sputnik V"
"Montserrat","MSR","Oxford/AstraZeneca","2021-04-21","Government of Montserrat","https://www.facebook.com/GIUMontserrat/posts/882138232345520","Oxford/AstraZeneca"
"Morocco","MAR","Oxford/AstraZeneca, Sinopharm/Beijing","2021-05-04","Ministry of Health","http://www.covidmaroc.ma/pages/Accueilfr.aspx","Oxford/AstraZeneca"
"Morocco","MAR","Oxford/AstraZeneca, Sinopharm/Beijing","2021-05-04","Ministry of Health","http://www.covidmaroc.ma/pages/Accueilfr.aspx","Sinopharm/Beijing"
"Mozambique","MOZ","Sinopharm/Beijing","2021-03-23","Deputy National Director of Public Health","https://allafrica.com/stories/202103230834.html","Sinopharm/Beijing"
"Myanmar","MMR","Oxford/AstraZeneca","2021-03-31","Ministry of Health","https://www.frontiermyanmar.net/en/anti-military-defiance-slows-covid-19-vaccination-to-a-trickle/","Oxford/AstraZeneca"
"Namibia","NAM","Oxford/AstraZeneca, Sinopharm/Beijing","2021-04-28","Ministry of Health and Social Services","https://www.facebook.com/MoHSSNamibia/photos/pcb.738001143539558/738001063539566","Oxford/AstraZeneca"
"Namibia","NAM","Oxford/AstraZeneca, Sinopharm/Beijing","2021-04-28","Ministry of Health and Social Services","https://www.facebook.com/MoHSSNamibia/photos/pcb.738001143539558/738001063539566","Sinopharm/Beijing"
"Nauru","NRU","Oxford/AstraZeneca","2021-04-15","Government of the Republic of Nauru","http://www.naurugov.nr/government-information-office/media-release/president,-speaker,-cj-take-first-vaccine-shots.aspx","Oxford/AstraZeneca"
"Nepal","NPL","Oxford/AstraZeneca, Sinopharm/Beijing","2021-04-28","Government of Nepal","https://covid19.mohp.gov.np/covid/englishSituationReport/608a91a9c6d26_SitRep445_COVID-19_29-04-2021_EN.pdf","Oxford/AstraZeneca"
"Nepal","NPL","Oxford/AstraZeneca, Sinopharm/Beijing","2021-04-28","Government of Nepal","https://covid19.mohp.gov.np/covid/englishSituationReport/608a91a9c6d26_SitRep445_COVID-19_29-04-2021_EN.pdf","Sinopharm/Beijing"
"Netherlands","NLD","Johnson&Johnson, Moderna, Oxford/AstraZeneca, Pfizer/BioNTech","2021-05-02","National Institute for Public Health and the Environment","https://www.rivm.nl/covid-19-vaccinatie/cijfers-vaccinatieprogramma","Johnson&Johnson"
"Netherlands","NLD","Johnson&Johnson, Moderna, Oxford/AstraZeneca, Pfizer/BioNTech","2021-05-02","National Institute for Public Health and the Environment","https://www.rivm.nl/covid-19-vaccinatie/cijfers-vaccinatieprogramma","Moderna"
"Netherlands","NLD","Johnson&Johnson, Moderna, Oxford/AstraZeneca, Pfizer/BioNTech","2021-05-02","National Institute for Public Health and the Environment","https://www.rivm.nl/covid-19-vaccinatie/cijfers-vaccinatieprogramma","Oxford/AstraZeneca"
"Netherlands","NLD","Johnson&Johnson, Moderna, Oxford/AstraZeneca, Pfizer/BioNTech","2021-05-02","National Institute for Public Health and the Environment","https://www.rivm.nl/covid-19-vaccinatie/cijfers-vaccinatieprogramma","Pfizer/BioNTech"
"New Zealand","NZL","Pfizer/BioNTech","2021-05-04","Ministry of Health","https://www.health.govt.nz/our-work/diseases-and-conditions/covid-19-novel-coronavirus/covid-19-data-and-statistics/covid-19-vaccine-data","Pfizer/BioNTech"
"Nicaragua","NIC","Oxford/AstraZeneca, Sputnik V","2021-04-24","Ministerio de Salud de la República de Nicaragua","https://www.confidencial.com.ni/nacion/mas-de-132-000-personas-ya-recibieron-la-primera-dosis-de-la-vacuna-covishield/","Oxford/AstraZeneca"
"Nicaragua","NIC","Oxford/AstraZeneca, Sputnik V","2021-04-24","Ministerio de Salud de la República de Nicaragua","https://www.confidencial.com.ni/nacion/mas-de-132-000-personas-ya-recibieron-la-primera-dosis-de-la-vacuna-covishield/","Sputnik V"
"Niger","NER","Sinopharm/Beijing","2021-04-17","Government of Niger","https://www.rfi.fr/fr/afrique/20210417-au-niger-les-centres-de-vaccinations-pris-d-assaut-pour-le-petit-p%C3%A8lerinage-%C3%A0-la-mecque","Sinopharm/Beijing"
"Nigeria","NGA","Oxford/AstraZeneca","2021-05-04","Government of Nigeria","https://twitter.com/NphcdaNG/status/1389647094395330562","Oxford/AstraZeneca"
"North Macedonia","MKD","Oxford/AstraZeneca, Pfizer/BioNTech, Sputnik V","2021-05-05","Government of North Macedonia","https://kovid19vakcinacija.mk/","Oxford/AstraZeneca"
"North Macedonia","MKD","Oxford/AstraZeneca, Pfizer/BioNTech, Sputnik V","2021-05-05","Government of North Macedonia","https://kovid19vakcinacija.mk/","Pfizer/BioNTech"
"North Macedonia","MKD","Oxford/AstraZeneca, Pfizer/BioNTech, Sputnik V","2021-05-05","Government of North Macedonia","https://kovid19vakcinacija.mk/","Sputnik V"
"Northern Cyprus","OWID_CYN","Oxford/AstraZeneca, Pfizer/BioNTech, Sinovac","2021-04-23","Ministry of Health","https://asibilgisistemi.com/","Oxford/AstraZeneca"
"Northern Cyprus","OWID_CYN","Oxford/AstraZeneca, Pfizer/BioNTech, Sinovac","2021-04-23","Ministry of Health","https://asibilgisistemi.com/","Pfizer/BioNTech"
"Northern Cyprus","OWID_CYN","Oxford/AstraZeneca, Pfizer/BioNTech, Sinovac","2021-04-23","Ministry of Health","https://asibilgisistemi.com/","Sinovac"
"Northern Ireland","OWID_NIR","Moderna, Oxford/AstraZeneca, Pfizer/BioNTech","2021-05-04","Government of the United Kingdom","https://coronavirus.data.gov.uk/details/healthcare","Moderna"
"Northern Ireland","OWID_NIR","Moderna, Oxford/AstraZeneca, Pfizer/BioNTech","2021-05-04","Government of the United Kingdom","https://coronavirus.data.gov.uk/details/healthcare","Oxford/AstraZeneca"
"Northern Ireland","OWID_NIR","Moderna, Oxford/AstraZeneca, Pfizer/BioNTech","2021-05-04","Government of the United Kingdom","https://coronavirus.data.gov.uk/details/healthcare","Pfizer/BioNTech"
"Norway","NOR","Moderna, Oxford/AstraZeneca, Pfizer/BioNTech","2021-05-05","Norwegian Institute of Public Health","https://www.fhi.no/sv/vaksine/koronavaksinasjonsprogrammet/koronavaksinasjonsstatistikk/","Moderna"
"Norway","NOR","Moderna, Oxford/AstraZeneca, Pfizer/BioNTech","2021-05-05","Norwegian Institute of Public Health","https://www.fhi.no/sv/vaksine/koronavaksinasjonsprogrammet/koronavaksinasjonsstatistikk/","Oxford/AstraZeneca"
"Norway","NOR","Moderna, Oxford/AstraZeneca, Pfizer/BioNTech","2021-05-05","Norwegian Institute of Public Health","https://www.fhi.no/sv/vaksine/koronavaksinasjonsprogrammet/koronavaksinasjonsstatistikk/","Pfizer/BioNTech"
"Oman","OMN","Oxford/AstraZeneca, Pfizer/BioNTech","2021-05-05","Ministry of Health","https://twitter.com/OmaniMOH/status/1389887384330948608/photo/1","Oxford/AstraZeneca"
"Oman","OMN","Oxford/AstraZeneca, Pfizer/BioNTech","2021-05-05","Ministry of Health","https://twitter.com/OmaniMOH/status/1389887384330948608/photo/1","Pfizer/BioNTech"
"Pakistan","PAK","CanSino, Sinopharm/Beijing, Sinovac, Sputnik V","2021-05-04","National Command and Operation Centre","https://twitter.com/OfficialNcoc/status/1389934313819541504","CanSino"
"Pakistan","PAK","CanSino, Sinopharm/Beijing, Sinovac, Sputnik V","2021-05-04","National Command and Operation Centre","https://twitter.com/OfficialNcoc/status/1389934313819541504","Sinopharm/Beijing"
"Pakistan","PAK","CanSino, Sinopharm/Beijing, Sinovac, Sputnik V","2021-05-04","National Command and Operation Centre","https://twitter.com/OfficialNcoc/status/1389934313819541504","Sinovac"
"Pakistan","PAK","CanSino, Sinopharm/Beijing, Sinovac, Sputnik V","2021-05-04","National Command and Operation Centre","https://twitter.com/OfficialNcoc/status/1389934313819541504","Sputnik V"
"Palestine","PSE","Moderna, Oxford/AstraZeneca, Pfizer/BioNTech","2021-04-25","Ministry of Health","https://www.facebook.com/mohps/posts/3750938078365376","Moderna"
"Palestine","PSE","Moderna, Oxford/AstraZeneca, Pfizer/BioNTech","2021-04-25","Ministry of Health","https://www.facebook.com/mohps/posts/3750938078365376","Oxford/AstraZeneca"
"Palestine","PSE","Moderna, Oxford/AstraZeneca, Pfizer/BioNTech","2021-04-25","Ministry of Health","https://www.facebook.com/mohps/posts/3750938078365376","Pfizer/BioNTech"
"Panama","PAN","Oxford/AstraZeneca, Pfizer/BioNTech","2021-05-05","Ministry of Health","https://twitter.com/MINSAPma/status/1390085715032256518","Oxford/AstraZeneca"
"Panama","PAN","Oxford/AstraZeneca, Pfizer/BioNTech","2021-05-05","Ministry of Health","https://twitter.com/MINSAPma/status/1390085715032256518","Pfizer/BioNTech"
"Papua New Guinea","PNG","Oxford/AstraZeneca","2021-04-25","Government of Papua New Guinea","https://covid19.info.gov.pg/files/Situation%20Report/PNG%20COVID-19%20Health%20Situation%20Report%2070%20DRAFT%20FINAL.pdf","Oxford/AstraZeneca"
"Paraguay","PRY","Sputnik V","2021-05-02","Government of Paraguay","https://www.vacunate.gov.py/index-listado-vacunados.html","Sputnik V"
"Peru","PER","Oxford/AstraZeneca, Pfizer/BioNTech, Sinopharm/Beijing","2021-05-04","Ministry of Health","https://www.datosabiertos.gob.pe/dataset/vacunaci%C3%B3n-contra-covid-19-ministerio-de-salud-minsa","Oxford/AstraZeneca"
"Peru","PER","Oxford/AstraZeneca, Pfizer/BioNTech, Sinopharm/Beijing","2021-05-04","Ministry of Health","https://www.datosabiertos.gob.pe/dataset/vacunaci%C3%B3n-contra-covid-19-ministerio-de-salud-minsa","Pfizer/BioNTech"
"Peru","PER","Oxford/AstraZeneca, Pfizer/BioNTech, Sinopharm/Beijing","2021-05-04","Ministry of Health","https://www.datosabiertos.gob.pe/dataset/vacunaci%C3%B3n-contra-covid-19-ministerio-de-salud-minsa","Sinopharm/Beijing"
"Philippines","PHL","Oxford/AstraZeneca, Sinovac","2021-05-05","Government of the Philippines","https://www.covid19.gov.ph/","Oxford/AstraZeneca"
"Philippines","PHL","Oxford/AstraZeneca, Sinovac","2021-05-05","Government of the Philippines","https://www.covid19.gov.ph/","Sinovac"
"Poland","POL","Johnson&Johnson, Moderna, Oxford/AstraZeneca, Pfizer/BioNTech","2021-05-04","Ministry of Health","https://www.gov.pl/web/szczepimysie/raport-szczepien-przeciwko-covid-19","Johnson&Johnson"
"Poland","POL","Johnson&Johnson, Moderna, Oxford/AstraZeneca, Pfizer/BioNTech","2021-05-04","Ministry of Health","https://www.gov.pl/web/szczepimysie/raport-szczepien-przeciwko-covid-19","Moderna"
"Poland","POL","Johnson&Johnson, Moderna, Oxford/AstraZeneca, Pfizer/BioNTech","2021-05-04","Ministry of Health","https://www.gov.pl/web/szczepimysie/raport-szczepien-przeciwko-covid-19","Oxford/AstraZeneca"
"Poland","POL","Johnson&Johnson, Moderna, Oxford/AstraZeneca, Pfizer/BioNTech","2021-05-04","Ministry of Health","https://www.gov.pl/web/szczepimysie/raport-szczepien-przeciwko-covid-19","Pfizer/BioNTech"
"Portugal","PRT","Moderna, Oxford/AstraZeneca, Pfizer/BioNTech","2021-05-05","Directorate General for Health via Data Science for Social Good","https://github.com/dssg-pt/covid19pt-data","Moderna"
"Portugal","PRT","Moderna, Oxford/AstraZeneca, Pfizer/BioNTech","2021-05-05","Directorate General for Health via Data Science for Social Good","https://github.com/dssg-pt/covid19pt-data","Oxford/AstraZeneca"
"Portugal","PRT","Moderna, Oxford/AstraZeneca, Pfizer/BioNTech","2021-05-05","Directorate General for Health via Data Science for Social Good","https://github.com/dssg-pt/covid19pt-data","Pfizer/BioNTech"
"Qatar","QAT","Pfizer/BioNTech","2021-05-05","Ministry of Public Health","https://covid19.moph.gov.qa/EN/Pages/Vaccination-Program-Data.aspx","Pfizer/BioNTech"
"Romania","ROU","Johnson&Johnson, Moderna, Oxford/AstraZeneca, Pfizer/BioNTech","2021-05-05","Government of Romania","https://datelazi.ro/","Johnson&Johnson"
"Romania","ROU","Johnson&Johnson, Moderna, Oxford/AstraZeneca, Pfizer/BioNTech","2021-05-05","Government of Romania","https://datelazi.ro/","Moderna"
"Romania","ROU","Johnson&Johnson, Moderna, Oxford/AstraZeneca, Pfizer/BioNTech","2021-05-05","Government of Romania","https://datelazi.ro/","Oxford/AstraZeneca"
"Romania","ROU","Johnson&Johnson, Moderna, Oxford/AstraZeneca, Pfizer/BioNTech","2021-05-05","Government of Romania","https://datelazi.ro/","Pfizer/BioNTech"
"Russia","RUS","EpiVacCorona, Sputnik V","2021-05-05","Official data from local governments via gogov.ru","https://gogov.ru/articles/covid-v-stats","EpiVacCorona"
"Russia","RUS","EpiVacCorona, Sputnik V","2021-05-05","Official data from local governments via gogov.ru","https://gogov.ru/articles/covid-v-stats","Sputnik V"
"Rwanda","RWA","Moderna, Oxford/AstraZeneca, Pfizer/BioNTech","2021-05-04","Ministry of Health","https://twitter.com/RwandaHealth/status/1389658048117972995","Moderna"
"Rwanda","RWA","Moderna, Oxford/AstraZeneca, Pfizer/BioNTech","2021-05-04","Ministry of Health","https://twitter.com/RwandaHealth/status/1389658048117972995","Oxford/AstraZeneca"
"Rwanda","RWA","Moderna, Oxford/AstraZeneca, Pfizer/BioNTech","2021-05-04","Ministry of Health","https://twitter.com/RwandaHealth/status/1389658048117972995","Pfizer/BioNTech"
"Saint Helena","SHN","Oxford/AstraZeneca","2021-04-09","Government of Saint Helena","https://www.sainthelena.gov.sh/2021/news/coronavirus-covid-19-ieg-update/","Oxford/AstraZeneca"
"Saint Kitts and Nevis","KNA","Oxford/AstraZeneca","2021-05-04","Government of Saint Kitts and Nevis","https://www.facebook.com/StKittsHPU/posts/909339976516509","Oxford/AstraZeneca"
"Saint Lucia","LCA","Oxford/AstraZeneca","2021-05-04","Ministry of Health","https://www.covid19response.lc/","Oxford/AstraZeneca"
"Saint Vincent and the Grenadines","VCT","Oxford/AstraZeneca","2021-05-01","Ministry of Health","https://www.facebook.com/SVGHEALTH/posts/4447652045295184","Oxford/AstraZeneca"
"Samoa","WSM","Oxford/AstraZeneca","2021-05-03","Ministry of Health","https://www.health.gov.ws/","Oxford/AstraZeneca"
"San Marino","SMR","Pfizer/BioNTech, Sputnik V","2021-05-04","Social Security Institute","https://vaccinocovid.iss.sm/","Pfizer/BioNTech"
"San Marino","SMR","Pfizer/BioNTech, Sputnik V","2021-05-04","Social Security Institute","https://vaccinocovid.iss.sm/","Sputnik V"
"Sao Tome and Principe","STP","Oxford/AstraZeneca","2021-03-29","Ministry of Health","https://www.facebook.com/MSaudeSTeP/photos/pcb.3764121173707955/3764120233708049","Oxford/AstraZeneca"
"Saudi Arabia","SAU","Oxford/AstraZeneca, Pfizer/BioNTech","2021-05-05","Saudi Health Council","https://coronamap.sa","Oxford/AstraZeneca"
"Saudi Arabia","SAU","Oxford/AstraZeneca, Pfizer/BioNTech","2021-05-05","Saudi Health Council","https://coronamap.sa","Pfizer/BioNTech"
"Scotland","OWID_SCT","Moderna, Oxford/AstraZeneca, Pfizer/BioNTech","2021-05-04","Government of the United Kingdom","https://coronavirus.data.gov.uk/details/healthcare","Moderna"
"Scotland","OWID_SCT","Moderna, Oxford/AstraZeneca, Pfizer/BioNTech","2021-05-04","Government of the United Kingdom","https://coronavirus.data.gov.uk/details/healthcare","Oxford/AstraZeneca"
"Scotland","OWID_SCT","Moderna, Oxford/AstraZeneca, Pfizer/BioNTech","2021-05-04","Government of the United Kingdom","https://coronavirus.data.gov.uk/details/healthcare","Pfizer/BioNTech"
"Senegal","SEN","Sinopharm/Beijing","2021-05-04","Ministry of Health","https://twitter.com/MinisteredelaS1/status/1389522724964519938","Sinopharm/Beijing"
"Serbia","SRB","Oxford/AstraZeneca, Pfizer/BioNTech, Sinopharm/Beijing, Sputnik V","2021-05-02","Government of Serbia","https://vakcinacija.gov.rs/","Oxford/AstraZeneca"
"Serbia","SRB","Oxford/AstraZeneca, Pfizer/BioNTech, Sinopharm/Beijing, Sputnik V","2021-05-02","Government of Serbia","https://vakcinacija.gov.rs/","Pfizer/BioNTech"
"Serbia","SRB","Oxford/AstraZeneca, Pfizer/BioNTech, Sinopharm/Beijing, Sputnik V","2021-05-02","Government of Serbia","https://vakcinacija.gov.rs/","Sinopharm/Beijing"
"Serbia","SRB","Oxford/AstraZeneca, Pfizer/BioNTech, Sinopharm/Beijing, Sputnik V","2021-05-02","Government of Serbia","https://vakcinacija.gov.rs/","Sputnik V"
"Seychelles","SYC","Oxford/AstraZeneca, Sinopharm/Beijing","2021-05-03","Extended Programme for Immunisation","https://www.facebook.com/mohseychellesofficial/photos/pcb.1734682373399553/1734681663399624","Oxford/AstraZeneca"
"Seychelles","SYC","Oxford/AstraZeneca, Sinopharm/Beijing","2021-05-03","Extended Programme for Immunisation","https://www.facebook.com/mohseychellesofficial/photos/pcb.1734682373399553/1734681663399624","Sinopharm/Beijing"
"Sierra Leone","SLE","Oxford/AstraZeneca","2021-05-01","Ministry of Health and Sanitation","https://www.facebook.com/mohsict/photos/pcb.1382684728759336/1382683268759482/","Oxford/AstraZeneca"
"Singapore","SGP","Moderna, Pfizer/BioNTech","2021-04-18","Ministry of Health","https://www.moh.gov.sg/covid-19","Moderna"
"Singapore","SGP","Moderna, Pfizer/BioNTech","2021-04-18","Ministry of Health","https://www.moh.gov.sg/covid-19","Pfizer/BioNTech"
"Slovakia","SVK","Pfizer/BioNTech","2021-05-05","Ministry of Health","https://github.com/Institut-Zdravotnych-Analyz/covid19-data","Pfizer/BioNTech"
"Slovenia","SVN","Oxford/AstraZeneca, Pfizer/BioNTech","2021-05-05","National Institute of Public Health via Sledilnik","https://covid-19.sledilnik.org/en/stats","Oxford/AstraZeneca"
"Slovenia","SVN","Oxford/AstraZeneca, Pfizer/BioNTech","2021-05-05","National Institute of Public Health via Sledilnik","https://covid-19.sledilnik.org/en/stats","Pfizer/BioNTech"
"Solomon Islands","SLB","Oxford/AstraZeneca","2021-04-27","Government of the Solomon Islands","https://theislandsun.com.sb/almost-5000-vaccinated/?fbclid=IwAR2SUOkuUZ1MjVPGYvZEm4q0yO-bnqP-ubu1FdlhstC44jefhXhoqJ2dIgM","Oxford/AstraZeneca"
"Somalia","SOM","Oxford/AstraZeneca, Sinopharm/Beijing","2021-04-17","Federal Government of Somalia","https://reliefweb.int/report/iran-islamic-republic/covid-19-situation-updates-week-15-11-17-april-2021","Oxford/AstraZeneca"
"Somalia","SOM","Oxford/AstraZeneca, Sinopharm/Beijing","2021-04-17","Federal Government of Somalia","https://reliefweb.int/report/iran-islamic-republic/covid-19-situation-updates-week-15-11-17-april-2021","Sinopharm/Beijing"
"South Africa","ZAF","Johnson&Johnson","2021-05-04","Ministry of Health","https://sacoronavirus.co.za/","Johnson&Johnson"
"South Korea","KOR","Oxford/AstraZeneca, Pfizer/BioNTech","2021-05-05","Korea Centers for Disease Control and Prevention","http://ncv.kdca.go.kr/","Oxford/AstraZeneca"
"South Korea","KOR","Oxford/AstraZeneca, Pfizer/BioNTech","2021-05-05","Korea Centers for Disease Control and Prevention","http://ncv.kdca.go.kr/","Pfizer/BioNTech"
"South Sudan","SSD","Oxford/AstraZeneca","2021-04-15","Government of South Sudan","https://africa.cgtn.com/2021/04/15/south-sudan-lifts-covid-19-restrictions-amid-fall-in-infections/","Oxford/AstraZeneca"
"Spain","ESP","Johnson&Johnson, Moderna, Oxford/AstraZeneca, Pfizer/BioNTech","2021-05-04","Ministry of Health","https://www.mscbs.gob.es/profesionales/saludPublica/ccayes/alertasActual/nCov/documentos/Informe_Comunicacion_20210505.ods","Johnson&Johnson"
"Spain","ESP","Johnson&Johnson, Moderna, Oxford/AstraZeneca, Pfizer/BioNTech","2021-05-04","Ministry of Health","https://www.mscbs.gob.es/profesionales/saludPublica/ccayes/alertasActual/nCov/documentos/Informe_Comunicacion_20210505.ods","Moderna"
"Spain","ESP","Johnson&Johnson, Moderna, Oxford/AstraZeneca, Pfizer/BioNTech","2021-05-04","Ministry of Health","https://www.mscbs.gob.es/profesionales/saludPublica/ccayes/alertasActual/nCov/documentos/Informe_Comunicacion_20210505.ods","Oxford/AstraZeneca"
"Spain","ESP","Johnson&Johnson, Moderna, Oxford/AstraZeneca, Pfizer/BioNTech","2021-05-04","Ministry of Health","https://www.mscbs.gob.es/profesionales/saludPublica/ccayes/alertasActual/nCov/documentos/Informe_Comunicacion_20210505.ods","Pfizer/BioNTech"
"Sri Lanka","LKA","Oxford/AstraZeneca, Sinopharm/Beijing","2021-05-05","Ministry of Health's Epidemiology Unit","https://www.epid.gov.lk/web/images/pdf/corona_virus_report/sitrep-sl-en-05-05_10_21.pdf","Oxford/AstraZeneca"
"Sri Lanka","LKA","Oxford/AstraZeneca, Sinopharm/Beijing","2021-05-05","Ministry of Health's Epidemiology Unit","https://www.epid.gov.lk/web/images/pdf/corona_virus_report/sitrep-sl-en-05-05_10_21.pdf","Sinopharm/Beijing"
"Sudan","SDN","Oxford/AstraZeneca","2021-04-23","Federal Ministry of Health","https://www.facebook.com/FMOH.SUDAN/posts/2880648948874731","Oxford/AstraZeneca"
"Suriname","SUR","Oxford/AstraZeneca","2021-05-04","Government of Suriname","https://laatjevaccineren.sr/","Oxford/AstraZeneca"
"Sweden","SWE","Oxford/AstraZeneca, Pfizer/BioNTech","2021-05-05","Public Health Agency of Sweden","https://www.folkhalsomyndigheten.se/smittskydd-beredskap/utbrott/aktuella-utbrott/covid-19/vaccination-mot-covid-19/statistik/statistik-over-registrerade-vaccinationer-covid-19/","Oxford/AstraZeneca"
"Sweden","SWE","Oxford/AstraZeneca, Pfizer/BioNTech","2021-05-05","Public Health Agency of Sweden","https://www.folkhalsomyndigheten.se/smittskydd-beredskap/utbrott/aktuella-utbrott/covid-19/vaccination-mot-covid-19/statistik/statistik-over-registrerade-vaccinationer-covid-19/","Pfizer/BioNTech"
"Switzerland","CHE","Moderna, Pfizer/BioNTech","2021-05-02","Federal Office of Public Health","https://www.covid19.admin.ch/en/epidemiologic/vacc-doses?detGeo=CH","Moderna"
"Switzerland","CHE","Moderna, Pfizer/BioNTech","2021-05-02","Federal Office of Public Health","https://www.covid19.admin.ch/en/epidemiologic/vacc-doses?detGeo=CH","Pfizer/BioNTech"
"Syria","SYR","Sputnik V","2021-04-08","Ministry of Health","http://www.xinhuanet.com/english/africa/2021-04/08/c_139867196.htm","Sputnik V"
"Taiwan","TWN","Oxford/AstraZeneca","2021-05-05","Taiwan Centers for Disease Control","https://www.cdc.gov.tw/Category/Page/9jFXNbCe-sFK9EImRRi2Og","Oxford/AstraZeneca"
"Thailand","THA","Oxford/AstraZeneca, Sinovac","2021-05-05","Government of Thailand","https://ddc.moph.go.th/uploads/ckeditor2//files/Daily%20report%202021-05-06.pdf","Oxford/AstraZeneca"
"Thailand","THA","Oxford/AstraZeneca, Sinovac","2021-05-05","Government of Thailand","https://ddc.moph.go.th/uploads/ckeditor2//files/Daily%20report%202021-05-06.pdf","Sinovac"
"Timor","TLS","Oxford/AstraZeneca","2021-04-14","Government of Timor-Leste","http://timor-leste.gov.tl/?p=27660&lang=en","Oxford/AstraZeneca"
"Togo","TGO","Oxford/AstraZeneca","2021-04-17","Government of Togo","https://www.republicoftogo.com/Toutes-les-rubriques/Sante/La-vaccination-de-masse-va-commencer","Oxford/AstraZeneca"
"Tonga","TON","Oxford/AstraZeneca","2021-04-26","Government of Tonga","https://matangitonga.to/2021/04/26/over-5000-receive-covid-19-vaccine","Oxford/AstraZeneca"
"Trinidad and Tobago","TTO","Oxford/AstraZeneca","2021-05-05","Ministry of Health","https://experience.arcgis.com/experience/59226cacd2b441c7a939dca13f832112/","Oxford/AstraZeneca"
"Tunisia","TUN","Pfizer/BioNTech, Sinovac, Sputnik V","2021-05-03","Ministry of Health","https://www.facebook.com/santetunisie.rns.tn/posts/4097476553624751","Pfizer/BioNTech"
"Tunisia","TUN","Pfizer/BioNTech, Sinovac, Sputnik V","2021-05-03","Ministry of Health","https://www.facebook.com/santetunisie.rns.tn/posts/4097476553624751","Sinovac"
"Tunisia","TUN","Pfizer/BioNTech, Sinovac, Sputnik V","2021-05-03","Ministry of Health","https://www.facebook.com/santetunisie.rns.tn/posts/4097476553624751","Sputnik V"
"Turkey","TUR","Pfizer/BioNTech, Sinovac","2021-05-05","COVID-19 Vaccine Information Platform","https://covid19asi.saglik.gov.tr/","Pfizer/BioNTech"
"Turkey","TUR","Pfizer/BioNTech, Sinovac","2021-05-05","COVID-19 Vaccine Information Platform","https://covid19asi.saglik.gov.tr/","Sinovac"
"Turks and Caicos Islands","TCA","Pfizer/BioNTech","2021-04-11","Ministry of Health","https://www.facebook.com/tcihealthpromotions/photos/1945783578924922","Pfizer/BioNTech"
"Uganda","UGA","Oxford/AstraZeneca","2021-05-02","Ministry of Health","https://twitter.com/MinofHealthUG/status/1389485488604688387","Oxford/AstraZeneca"
"Ukraine","UKR","Oxford/AstraZeneca, Pfizer/BioNTech, Sinovac","2021-05-05","Ministry of Health","https://vaccination.covid19.gov.ua/","Oxford/AstraZeneca"
"Ukraine","UKR","Oxford/AstraZeneca, Pfizer/BioNTech, Sinovac","2021-05-05","Ministry of Health","https://vaccination.covid19.gov.ua/","Pfizer/BioNTech"
"Ukraine","UKR","Oxford/AstraZeneca, Pfizer/BioNTech, Sinovac","2021-05-05","Ministry of Health","https://vaccination.covid19.gov.ua/","Sinovac"
"United Arab Emirates","ARE","Oxford/AstraZeneca, Pfizer/BioNTech, Sinopharm/Beijing, Sinopharm/Wuhan, Sputnik V","2021-05-05","National Emergency Crisis and Disaster Management Authority","http://covid19.ncema.gov.ae/en","Oxford/AstraZeneca"
"United Arab Emirates","ARE","Oxford/AstraZeneca, Pfizer/BioNTech, Sinopharm/Beijing, Sinopharm/Wuhan, Sputnik V","2021-05-05","National Emergency Crisis and Disaster Management Authority","http://covid19.ncema.gov.ae/en","Pfizer/BioNTech"
"United Arab Emirates","ARE","Oxford/AstraZeneca, Pfizer/BioNTech, Sinopharm/Beijing, Sinopharm/Wuhan, Sputnik V","2021-05-05","National Emergency Crisis and Disaster Management Authority","http://covid19.ncema.gov.ae/en","Sinopharm/Beijing"
"United Arab Emirates","ARE","Oxford/AstraZeneca, Pfizer/BioNTech, Sinopharm/Beijing, Sinopharm/Wuhan, Sputnik V","2021-05-05","National Emergency Crisis and Disaster Management Authority","http://covid19.ncema.gov.ae/en","Sinopharm/Wuhan"
"United Arab Emirates","ARE","Oxford/AstraZeneca, Pfizer/BioNTech, Sinopharm/Beijing, Sinopharm/Wuhan, Sputnik V","2021-05-05","National Emergency Crisis and Disaster Management Authority","http://covid19.ncema.gov.ae/en","Sputnik V"
"United Kingdom","GBR","Moderna, Oxford/AstraZeneca, Pfizer/BioNTech","2021-05-04","Government of the United Kingdom","https://coronavirus.data.gov.uk/details/healthcare","Moderna"
"United Kingdom","GBR","Moderna, Oxford/AstraZeneca, Pfizer/BioNTech","2021-05-04","Government of the United Kingdom","https://coronavirus.data.gov.uk/details/healthcare","Oxford/AstraZeneca"
"United Kingdom","GBR","Moderna, Oxford/AstraZeneca, Pfizer/BioNTech","2021-05-04","Government of the United Kingdom","https://coronavirus.data.gov.uk/details/healthcare","Pfizer/BioNTech"
"United States","USA","Johnson&Johnson, Moderna, Pfizer/BioNTech","2021-05-05","Centers for Disease Control and Prevention","https://covid.cdc.gov/covid-data-tracker/#vaccinations","Johnson&Johnson"
"United States","USA","Johnson&Johnson, Moderna, Pfizer/BioNTech","2021-05-05","Centers for Disease Control and Prevention","https://covid.cdc.gov/covid-data-tracker/#vaccinations","Moderna"
"United States","USA","Johnson&Johnson, Moderna, Pfizer/BioNTech","2021-05-05","Centers for Disease Control and Prevention","https://covid.cdc.gov/covid-data-tracker/#vaccinations","Pfizer/BioNTech"
"Uruguay","URY","Oxford/AstraZeneca, Pfizer/BioNTech, Sinovac","2021-05-05","Ministry of Health","https://monitor.uruguaysevacuna.gub.uy/","Oxford/AstraZeneca"
"Uruguay","URY","Oxford/AstraZeneca, Pfizer/BioNTech, Sinovac","2021-05-05","Ministry of Health","https://monitor.uruguaysevacuna.gub.uy/","Pfizer/BioNTech"
"Uruguay","URY","Oxford/AstraZeneca, Pfizer/BioNTech, Sinovac","2021-05-05","Ministry of Health","https://monitor.uruguaysevacuna.gub.uy/","Sinovac"
"Uzbekistan","UZB","Oxford/AstraZeneca","2021-04-27","Government of Uzbekistan","https://akipress.com/news:657419:Uzbekistan_vaccinates_600,369_against_COVID-19/","Oxford/AstraZeneca"
"Venezuela","VEN","Sputnik V","2021-04-12","Government of Venezuela","https://www.swissinfo.ch/spa/coronavirus-venezuela_la-vacunaci%C3%B3n-en-venezuela--entre-dudas-y-certezas/46524144","Sputnik V"
"Vietnam","VNM","Oxford/AstraZeneca","2021-05-04","Government of Vietnam","https://ncov.moh.gov.vn/vi/web/guest/-/6847426-2850","Oxford/AstraZeneca"
"Wales","OWID_WLS","Moderna, Oxford/AstraZeneca, Pfizer/BioNTech","2021-05-04","Government of the United Kingdom","https://coronavirus.data.gov.uk/details/healthcare","Moderna"
"Wales","OWID_WLS","Moderna, Oxford/AstraZeneca, Pfizer/BioNTech","2021-05-04","Government of the United Kingdom","https://coronavirus.data.gov.uk/details/healthcare","Oxford/AstraZeneca"
"Wales","OWID_WLS","Moderna, Oxford/AstraZeneca, Pfizer/BioNTech","2021-05-04","Government of the United Kingdom","https://coronavirus.data.gov.uk/details/healthcare","Pfizer/BioNTech"
"Zambia","ZMB","Oxford/AstraZeneca","2021-05-05","Government of Zambia","https://www.facebook.com/mohzambia/photos/a.133656870142312/1901392276702087","Oxford/AstraZeneca"
"Zimbabwe","ZWE","Sinopharm/Beijing","2021-05-04","Ministry of Health","https://twitter.com/MoHCCZim/status/1389675251500556293","Sinopharm/Beijing"
